EMPRESA|TELEFONE|ENDEREÇO
Martins e Correia Produtos de Limpeza e Descartáveis em geral;(34) 3281-2440;R. Bueno Brandão, 115 - Centro, Tupaciguara - MG, 38430-000
Tuplast Indústria e Comércio de Derivados de Pvc e Plástico;(34) 3281-1550;Av. Juracy Ribeiro Machado, 59 - Morada Nova, Tupaciguara - MG, 38430-000
Start Shop Tupaciguara;(34) 3281-2080;R. Bueno Brandão, 304 - Loja 4 - São Cristóvão, Tupaciguara - MG, 38480-000
Marmoraria Tupaciguara;(34) 3281-4727;Av. Adilon de Araújo, 103 - Tiradentes, Tupaciguara - MG, 38430-000
Rodocouto Transportes;(34) 3281-5388;R. Bueno Brandão, 561 - São Cristóvão, Tupaciguara - MG, 38430-000
Luiz táxi em tupaciguara;(34) 99635-8632;R. Laérte Araújo, 173 - Tiradentes, Tupaciguara - MG, 38430-000
Associação Comercial, Industrial, Agropecuária e Prestação de Serviços de Tupaciguara;(34) 3281-4002;R. Bueno Brandão, 22 - 01 e 02 - Centro, Tupaciguara - MG, 38430-000
Auto Peças Tupaciguara;(34) 3281-3150;R. Bueno Brandão, 425 - São Cristóvão, Tupaciguara - MG, 38430-000
Lista Mais Comercial;(34) 3281-5787;Jet Cartuchos - R. Bueno Brandão, 319 - Ap B - São Cristóvão, Tupaciguara - MG, 38480-000
Bito Materiais para Construção;(34) 3281-2383;Rua Delfim Moreira, 37 - Centro, Tupaciguara - MG, 38430-000
Esquadrias Pereira Pires;(34) 3281-1727;R. José Ferreira Marquês, 76 - Brasil, Tupaciguara - MG, 38430-000
Souza;(34) 99660-5350;R. Potier Monteiro, 78 - Brasil, Tupaciguara - MG, 38480-000
Minas Goiás Agronegócios;(34) 3281-4955;R. Rodrigo do Valê, 316 - Primavera, Tupaciguara - MG, 38480-000
Minas Goiás Agronegócios;(34) 3281-3687;R. Gov. Bias Fortes, 43 - Centro, Tupaciguara - MG, 38430-000
Rodoviária de Tupaciguara;(34) 3281-0023;s/n, R. Luís Gomes de Campos - Tiradentes, Tupaciguara - MG, 38430-000
Vazante Agro Pecuária;(34) 3281-1874;Av. Adilon de Araújo, 132 - Tiradentes, Tupaciguara - MG, 38430-000
Tarwhel Materiais Para Construção;(34) 3281-3026;R. Bueno Brandão, 301 - São Cristóvão, Tupaciguara - MG, 38430-000
Abc-Indústria e Comércio S/A-Abc-Inco;(34) 3281-1506;Avenida Adilon Araújo - s/n qd 270BL t 270B, Tupaciguara - MG, 38430-000
LSZ Materiais para Construção;(34) 3281-6600;Av. Modesto Alves Prudente, 241 - Tiradentes, Tupaciguara - MG, 38430-000
LSZ Materiais para Construção;(34) 3281-6600;Av. Modesto Alves Prudente, 241 - Tiradentes, Tupaciguara - MG, 38430-000
Jornal O Independente;(34) 3281-3940;R. José Primo de Azevedo, 309 - Nova Esperança, Tupaciguara - MG, 38430-000
PV Construtora e Empreendimentos;(34) 99338-9686;R. Gabriel Felipe de Faria, 45 - Centro, Tupaciguara - MG, 38430-000
Sindicato dos Trabalhadores Rurais de Tupaciguara;(34) 3281-3222;Av. Domingos Lopes Valadão, 201 - Tiradentes, Tupaciguara - MG, 38430-000
Sindicato dos Trabalhadores Rurais de Tupaciguara;(34) 3281-3222;Av. Domingos Lopes Valadão, 201 - Tiradentes, Tupaciguara - MG, 38430-000
Drogaria Americana Tupaciguara;(34) 3281-1080;R. Bueno Brandão, 178 - São Cristóvão, Tupaciguara - MG, 38430-000
HM REFRIGERAÇÃO;(34) 99640-0069;R. João Batista de Oliveira, 193 - Nova Esperança, Tupaciguara - MG, 38430-000
Tupaciguara Prefeitura;3281-0000;R. Bueno Brandão, 12 - Primavera, Tupaciguara - MG, 38430-000
Drogaria Arantes & Campos;(34) 3281-6096;R. José Ferreira Marquês, 18 - Centro, Tupaciguara - MG, 38430-000
Drogaria Arantes & Campos;(34) 3281-5990;R. Olegário Maciel, 1 - Centro, Tupaciguara - MG, 38480-000
Drogaria Arantes & Campos;(34) 3281-5990;R. Olegário Maciel, 1 - Centro, Tupaciguara - MG, 38480-000
Speed Motoboys;(34) 99867-0230;Rua: João Nicolau da Silva, 32 - Tiradentes, Tupaciguara - MG, 38480-000
Agência Itaú;4004-4828;R. Bueno Brandão, 55 - Centro, Tupaciguara - MG, 38430-000
Ângela Marques de Faria;(34) 3281-5444;Av. Jucelino Kubitscheck, 124 - Comercial, Tupaciguara - MG, 38430-000
Cooperativa Agropecuária Ltda de Uberlândia;(34) 3281-2134;Av. Domingos Lopes Valadão, 274 - Tiradentes, Tupaciguara - MG, 38430-000
Cooperativa Agropecuária Ltda de Uberlândia;(34) 3281-2134;Av. Domingos Lopes Valadão, 274 - Tiradentes, Tupaciguara - MG, 38430-000
Top Car auto peças em Tupaciguara;(34) 3281-3150;Av. Belo Horizonte, 156 - São Cristóvão, Tupaciguara - MG, 38430-000
Máquinas e veículos GP Agro;(34) 3281-1500;R. Bueno Brandão, 238 - Centro, Tupaciguara - MG, 38480-000
Prefeitura Municipal de Tupaciguara-MG;(34) 3281-0000;Praça Antônio Alves Faria, s/nº - Tiradentes, Tupaciguara - MG, 38480-000
Laticínios Origem;(34) 3281-4350;R. José Ferreira Marquês, 12 - Centro, Tupaciguara - MG, 38430-000
ACIT/ CDL Tupaciguara;(34) 3281-4031;Av. Brasil, 161 - São Cristóvão, Tupaciguara - MG, 38480-000
Minimercado Moura;(34) 3281-1308;Av. Domingos Lopes Valadão, 198 - Tiradentes, Tupaciguara - MG, 38430-000
Minimercado Moura;(34) 3281-1308;Av. Domingos Lopes Valadão, 198 - Tiradentes, Tupaciguara - MG, 38430-000
Acquademia;(34) 3281-2589;Av. Brasil, 101 - Brasil, Tupaciguara - MG, 38430-000
Bradesco;(34) 3281-5665;R. Bueno Brandão, 60 - Centro, Tupaciguara - MG, 38430-000
Fórum de Tupaciguara - TJMG;(34) 3281-2445;R. Olegário Maciel, 1 - Centro, Tupaciguara - MG, 38430-000
Companhia de Telecomunicações do Brasil Central;(34) 3281-5425;R. Bueno Brandão, 22 - Primavera, Tupaciguara - MG, 38430-000
Revenda Ultragaz;4003-0123;Av. José Pereira de Carvalho, 116 - Nova Esperança, Tupaciguara - MG, 38430-000
Cargill Agrícola;(34) 3281-1358;R. Rodrigo do Valê, 491 - Centro, Tupaciguara - MG, 38430-000
Universidade Unopar - Polo Tupaciguara;(34) 3281-1001;Av. Domingos Lopes Valadão, 236 - São Cristóvão, Tupaciguara - MG, 38480-000
Forum Adolpho Fidelis dos Santos;(34) 3281-2727;Rua Padre Simão Janet, 132, B - Bom Sucesso, Tupaciguara - MG, 38480-000
Forum Adolpho Fidelis dos Santos;(34) 3281-2727;Rua Padre Simão Janet, 132, B - Bom Sucesso, Tupaciguara - MG, 38480-000
Companhia de Telecomunicações do Brasil Central;(34) 3281-4831;R. Carneiro e Cardoso, 14 - Cyntia, Tupaciguara - MG, 38430-000
Companhia de Telecomunicações do Brasil Central;(34) 3281-6884;R. João Torquarto Neves, 124 - Das Paineiras, Tupaciguara - MG, 38430-000
Sesi;(34) 3281-4353;R. Ouvídio José do Valê, 84 - Morada Nova, Tupaciguara - MG, 38430-000
Companhia de Telecomunicações do Brasil Central;(34) 3281-5409;R. Beraldino José de Faria, 84 - Morada Nova, Tupaciguara - MG, 38430-000
Tim Empresas Tupaciguara;(34) 99189-9059;R. Bueno Brandão - São Cristóvão, Tupaciguara - MG, 38430-000
