EMPRESA;TELEFONE;ENDEREÇO
Deposito de gas Soares;3627-1147;Rio Verde - GO
Di Mello Transportes;(64) 99228-1290;Avenida Joaquim Martins Ribeiro Qd:47 Lt:9 N:211, Maurilândia - GO, 75930-000
Terminal Rodoviário Lagoa Do Bauzinho;(64) 3633-1108;Lagoa do Bauzinho, Rio Verde - GO
RDL Comércio Exportação e Importação;(64) 3612-1390;Rua Pedro Marques Fl Q 49 - s/n lt 10, GO
Super Serve Palmeira;(64) 3627-1100;Rio Verde - GO
Caramuru Alimentos Lagoa do Bauzinho;(64) 3633-1144;BR-452 - Lagoa do Bauzinho, Rio Verde - GO, 75912-000
Saneago-saneamento de Goiás;(64) 3647-1378;Av. Amazonas, 43, Maurilândia - GO, 75930-000
Daus - Fábrica;4003-1596;Al.Contorno Q.35, L,10/11 Centro Centro, Rio Verde - GO, 75920-000
Usina Cambui;(64) 3212-4000;Fazenda São Carlos - Rodovia BR-452, Km 33, s/n - Zona Rural, Santa Helena de Goiás - GO, 75920-000
Fortaleza Armazéns Gerais;(64) 3647-2611;GO-409, Maurilândia - GO, 75930-000
Saneago-saneamento de Goiás;(64) 3643-1230;R. Rio Turvo, Q. 29 - L.2 - CENTRO, Porteirão - GO, 75603-000
Ourolac Food Service Solutions S/A;(64) 99238-9382;GO-501, 494, Rio Verde - GO
Exato Assessoria Empresarial;(64) 99254-6080;Av. Brasil, n°413 - Centro, Maurilândia - GO, 75930-000
Geralda de Godoi Souza;(64) 3647-1415;Av. Goiás, 2, Maurilândia - GO, 75930-000
Bar Do Divino;(64) 99254-4051;GO-501, 1450, Rio Verde - GO, 75914-600
Aspport;(64) 3643-1165;Av. Rio dos Bois, 449, Porteirão - GO, 75603-000
Saneago;(64) 3642-1236;Avenida José M C Resende Q 1 - s/n lt 1 sn, Turvelândia - GO, 75970-000
Vale Verdão S/A Açúcar e Álcool;(64) 3647-1371;Fazenda Baessa, 318 - Zona Rural, Turvelândia - GO, 75930-000
Enel;0800 062 0196;Av. Goiás, 6 - Centro, Maurilândia - GO, 75930-000
Ideal Serviços - Projetos, Instalações e Manutenções;(64) 99328-2620;RUA ADVENTINO J. VIEIRA QD.04 LT.03 DONA CONSTÂNCIA, Turvelândia - GO, 75970-000
Fabio Motos;(64) 3647-1163;R. Alfredo José Lucas, 75-163, Maurilândia - GO, 75930-000
Prestacional Mudanças LTDA;(64) 98406-2525;Avenida João Fratari Nrº123, Quirinópolis - GO, 75860-000
Construbrasil;(64) 3647-1329;Sergino R Menconca Q 1 450, Maurilândia - GO, 75930-000
Distribuidora de Embalagens Rio Doce;(64) 3651-2350;Av. Brasil, 405 - Centro, Quirinópolis - GO, 75860-000
Leandro Express;(64) 98435-3690;R. Buritís, 56 - Jardim Primavera, Quirinópolis - GO, 75860-000
Oardo Brasil;(34) 99820-6425;Rua, Av. Francisca Píres de Jesus, Maurilândia - GO, 75930-000
Líder Material de Construção;(64) 3647-1546;Av. Amazonas, 1201, Maurilândia - GO, 75930-000
Cargill Agrícola SA;(64) 3614-9205;Santa Helena de Goiás - GO, 75920-000
Divaildo Mudanças;(64) 99201-1199;Quadra 1 lote 12, R. da Seringueira - Res. Arco Iris, Rio Verde - GO, 75910-125
Pedreira Rio Verde Fortaleza;(64) 3613-4545;Rodovia BR-452 Km-23 a esq. 300 metros Zona Rural, GO, 75913-899
Enel;0800 062 0196;Av. Rio Verde, 1845 - Sala 1 - Setor: Centro, Castelândia - GO, 75925-000
JF Distribuidora de Bebidas;(64) 99238-8558;Av. Rio Verde - Centro, Castelândia - GO, 75925-000
EXATA ADMINISTRAÇÃO E SERVIÇOS EIRELI;(64) 3051-4020;Av. Lírios do Campo, Rio Verde - GO, 75912-285
Casa Móveis;(64) 3642-1313;Av. José Mário da Costa Resende, Turvelândia - GO, 75970-000
BBT Transportes;(62) 3988-2282;Rua 74 Nº480 - Popular, Rio Verde - GO, 75903-480
Laticínio Qui-Leite Ltda;(64) 3651-9467;Fazenda Renania s/n, Quirinópolis - GO, 75860-000
Pedreira Rio Verde;(64) 3018-2093;BR 452, SN KM 23 à Direita Área Rural, Rio Verde - GO, 75913-899
Auto Posto Garimpao Ltda;0800 720 5356;R. Ondina Rodrigues Cunha Rezende, 393 - Centro, Maurilândia - GO, 75930-000
Start Shop Goiás;(64) 3615-2386;Rua, Av. Pastor Zetil, 62 - Centro, Quirinópolis - GO, 75860-000
Empório do Ar;(64) 3651-1155;Av. Machado de Assis, 48 - Centro, Quirinópolis - GO, 75860-000
ECT-Empresa Brasileira de Correios e Telégrafos;(64) 3642-1370;Av. José Mário da Costa Resende, 379, Turvelândia - GO, 75970-000
Mundial Mudanças;(64) 99995-0095;Rua dos Guaiás Q 9, 5 Par das Laranjeiras Prolongamento, Rio Verde - GO, 75908-043
GLÁDIO SEGURANÇA PRIVADA LTDA;(64) 99228-1661;Avenida .RIO Verde qd 46 lt 777 n°820, Rio Verde - GO, 75910-054
BANCO DO BRASIL - MAURILANDIA - Agência 3743;(64) 3647-1373;Av. Amazonas, 553, Maurilândia - GO, 75930-000
segurança;(64) 99260-4043;Av. João Coelho de Araújo, 2 - Santo Agostinho, Rio Verde - GO, 75904-720
Posto Ipiranga;0800 720 5356;Av. José Cândido da Silva, s/n, Maurilândia - GO, 75930-000
Limpureza Serviços Conservação e Limpeza;(64) 3621-7436;Praca Fernão Dias Q 42 - s/n lt 601, Rio Verde - GO, 75905-640
GR Industrial - Engenharia, Automação, Montagens, Instalações Elétricas, Painéis, Energia Solar Fotovoltaica;(64) 3018-4040;Rua 34, Esq. C/ Rua 25, Nº 6 - Vila Baylao, Rio Verde - GO, 75906-433
Saneago-saneamento de Goiás;(64) 3649-1240;Av. Rio Verde, 1571 - centro, Castelândia - GO, 75925-000
Tucano Mudanças;(64) 99958-2494;R. Doná Maricota - Jardim Marconal, Rio Verde - GO, 75908-680
Transportes e Locações de Vans,Robim Transportes;(64) 99244-3029;Av. João Coelho de Araújo, 148 - Santo Agostinho, Rio Verde - GO, 75904-720
Limpa fossa parati;(64) 99229-7552;R. Guarita, quadra 48 - lote 06, Santa Helena de Goiás - GO, 75920-000
Brinks Rio Verde - GO;(64) 3612-4374;R. Marginal, 193 - Res. Recanto do Bosque, Rio Verde - GO, 75912-001
Eletroniz Auto Eletrica;(64) 99211-0895;Av. João Alves Vasconcelos, Nº311 - Centro, Porteirão - GO, 75603-000
Proguarda Vigilância e Segurança;(64) 3050-7866;Av. Pres. Vargas, 117 - QD L LT 12 - Jardim Marconal, Rio Verde - GO, 75901-551
Bradesco - Centro de Atendimento;(64) 3647-2481;Av. Brasil, 318 - Centro, Maurilândia - GO, 75930-000
Formigão Mudanças LTDA;(64) 3621-2606;Rua RG 03, Qd. 08 Lt. 27 n°86 - Res. Gameleira II, Rio Verde - GO, 75906-841
Delícias da Amanda;(64) 98405-6948;Av. Santos Dumont - Centro, Quirinópolis - GO, 75860-000
MUDANÇAS ROBERTO;(64) 98433-3381;R. 027 - Jardim Adriana, Rio Verde - GO, 75906-571
RIO VERDE MADEIRAS;(64) 3623-0483;Rua Dois, Qd S Lt 08 Cidade Empresarial Nova Aliança, Rio Verde - GO, 75913-214
Posto Rio dos Bois;(64) 3643-1329;Porteirão - GO, 75603-000
